半房 手绘樱桃陶瓷碗小饭碗水果甜品点心烤碗复古酱料碟辅零食碗 6寸花边碗,15.80,600+,https://item.jd.com/29991081639.html
半房 日式陶瓷汤面碗个性斗笠拉面碗沙拉碗大口浅碗创意窑变喇叭碗 8寸喇叭碗,26.00,100+,https://item.jd.com/39676038976.html
半房 方形硅胶制冰盒冰块模具格15格大冰块盒子DIY宝宝辅食盒 浓重黑,16.00,100+,https://item.jd.com/35590871978.html
半房民族风万花陶瓷小菜碟子酱油醋调味碟家用小烤碗甜品点心盘子 小碟-万花款,8.80,100+,https://item.jd.com/32788208901.html
半房 复古金属手冲咖啡过滤杯滤纸折叠滴漏式三孔过滤器便携过滤壶 1-４杯滤纸（50枚）,26.00,10+,https://item.jd.com/39677136845.html
半房 便携双层保温饭盒塑料便当盒便当袋微波炉加热上班族分格餐盒 kitchen便当袋,22.00,100+,https://item.jd.com/38594379081.html
半房 ins方口玻璃水杯高硼硅直身杯牛奶冷饮杯子简约英文字母茶杯 高-Milk,15.00,100+,https://item.jd.com/33022642301.html
半房 日式便携木质筷子带盒套装学生旅行筷盒送人礼盒筷一双装 黑胡桃木-抽拉盖,49.00,40+,https://item.jd.com/38454563461.html
半房 日式手绘陶瓷盘意面牛排西餐盘菜盘早餐沙拉圆盘复古个性甜品家用艺术餐具盘子 7.8寸蓝条纹,28.00,300+,https://item.jd.com/30004733261.html
半房金边水晶超薄玻璃红酒杯斜口勃艮第酒香槟杯创意高脚鸡尾酒杯 大号红酒杯,32.00,40+,https://item.jd.com/33254689278.html
半房 Ball梅森瓶罐子带盖玻璃水杯密封瓶赠吸管奶昔果汁饮料杯 780ml梅森瓶（赠吸管）,13.80,300+,https://item.jd.com/30009503385.html
半房日式陶瓷餐具复古蓝汤面碗双耳甜品盅布丁焗饭烤碗水果沙拉碗 面碗,28.00,200+,https://item.jd.com/30001940498.html
半房杂货ins风彩色玻璃吸管透明水杯弯吸管果汁饮料管创意搅拌棒 淡绿,9.00,70+,https://item.jd.com/32781531832.html
半房 钵形无铅玻璃沙拉碗套装家用圆形大号碗直身碗透明水果甜品碗 1000ml-直身款,13.00,90+,https://item.jd.com/38378607164.html
半房 日式萌猫陶瓷大碗汤面拌面碗木下同款卡通动物沙拉碗拌饭碗 粉-8寸大碗,36.00,30+,https://item.jd.com/30017586089.html
半房带盖玻璃啤酒杯耐高温带把手字母杯大号果汁冷饮杯大容量水杯 金字-Life,28.00,100+,https://item.jd.com/32501898605.html
半房简约黑边陶瓷餐具米饭碗大汤勺汤面碗长盘菜盘子素白西餐餐具 8寸深盘,18.00,100+,https://item.jd.com/30020385370.html
半房杂货韩式米酒碗热酒凉酒碗带把手小菜酱碗黄铝小碗韩国料理碗 米酒碗,18.00,30+,https://item.jd.com/30009410010.html
半房 天然手工木筷子雕刻龟甲日式木质筷子进口印尼铁木筷箸 款式05,9.90,90+,https://item.jd.com/35659729911.html
半房 可爱一人食餐具套装动物卡通儿童饭碗分格盘宝宝吃饭5件套装 兔子套装,98.00,10+,https://item.jd.com/32917086439.html
半房杂货耐热玻璃保鲜盒分格水果便当盒密封盒学生带盖微波炉饭盒 410ML单格-粉色方形,9.00,80+,https://item.jd.com/39686870431.html
半房 金边透明玻璃碗锤纹玻璃盘欧式沙拉碗水果盘摆拍西餐盘子 中碗,28.00,100+,https://item.jd.com/30000287538.html
半房 PU皮革收纳盘简约玄关钥匙杂物置物盘装饰摆件桌面首饰收纳盒 大号,28.00,30+,https://item.jd.com/38482657614.html
半房 花瓣陶瓷小菜碟火锅蘸料醋碟日式芥末调味碟不规则小碟子 荷花碟-浅藕粉,12.00,200+,https://item.jd.com/41677183865.html
半房 镭射pvc透明化妆收纳袋旅行随身拉链小袋子防水便携洗漱手包 化妆袋,19.00,60+,https://item.jd.com/35599534079.html
半房 星空8寸骨瓷盘西餐牛排盘手绘早餐菜盘子创意北欧风摆拍盘 北极光,29.00,50+,https://item.jd.com/35816016293.html
半房杂货日式迷你便携封口机手压式电热密封器宿舍家用零食塑封机 樱花粉（不含电池）,18.90,40+,https://item.jd.com/34683078465.html
半房杂货大号硅胶揉面垫加厚防滑和面案板烘焙工具家用不沾擀面垫 60cm*40cm揉面垫,39.00,20+,https://item.jd.com/39681434997.html
半房青蓝电镀不锈钢西餐具长柄刀叉勺筷子主餐勺牛扒刀甜品咖啡勺 金色-主餐勺,38.00,100+,https://item.jd.com/29999463318.html
半房 日式木质长方小托盘 实木小餐盘 茶托盘坚果零食点心木盘子 小号（长20，宽13cm）,25.00,30+,https://item.jd.com/35685701601.html
半房杂货钢化玻璃烤盘大容量烘焙焗饭盘耐热烤鱼菜盘子微波炉烤箱 方形1.5L,24.00,100+,https://item.jd.com/32787112622.html
半房田园风陶瓷餐盘ins手绘烘焙焗饭甜品盘长方形双耳微波炉烤盘 柠檬黄椭圆形,18.80,80+,https://item.jd.com/34084199910.html
半房 进口保鲜密封袋加厚冷藏水果收纳袋旅行洗漱袋透明防水食品袋 中号20只装,12.80,20+,https://item.jd.com/38269584968.html
半房带盖字母玻璃碗金字创意小号儿童碗水果沙拉碗可爱耐热早餐碗 金色SWEET(带盖),26.00,40+,https://item.jd.com/30010080530.html
半房 复古陶瓷直身碗家用直筒糖水甜品碗蒸蛋碗做旧浓汤吞小米饭碗 4寸甜品碗,16.00,10+,https://item.jd.com/37234464357.html
半房 彩云系列陶瓷碗盘大肚水杯大汤面碗饭碗西餐盘子渐变撞色餐具 粉蓝-8寸中盘,36.00,10+,https://item.jd.com/39675570825.html
半房 PP塑料砧板厨房切菜板手柄摆拍面包板防霉壁挂双面长方小案板 把手款（一块）,15.00,20+,https://item.jd.com/38484173618.html
半房 复古陶瓷咖啡杯碟套装金边马克杯茶杯带盖带勺水杯礼盒套装 杯碟礼盒套装,90.00,10+,https://item.jd.com/38456893798.html
半房杂货 美式陶瓷钵形碗浅口螺纹大号汤面碗米饭碗菜盘子深汤盘 白-中汤钵,28.00,40+,https://item.jd.com/30004265444.html
半房玻璃调酒器带刻度雪克杯透明奶茶手摇杯酒吧鸡尾酒摇酒壶酒具 400ML雪克杯,29.00,20+,https://item.jd.com/32781997383.html
半房杂货 磨砂陶瓷加长双耳烤盘西餐摆盘沙拉盘子甜品菜盘水果盘 哑光蓝(加长),36.00,40+,https://item.jd.com/29999982873.html
半房 金属拉丝西餐餐具牛排刀叉主餐勺筷子水果叉不锈钢咖啡搅拌勺 水果叉,28.00,60+,https://item.jd.com/38264945330.html
半房 铁艺水龙头置物架卫生间浴室简易挂篮厨房水槽抹布沥水收纳架 黑色款,22.00,8,https://item.jd.com/44016113241.html
半房 日式实木加长木筷子家用火锅筷炸油条捞面筷防烫油炸筷子 升级防滑款(33CM),12.00,30+,https://item.jd.com/38490921988.html
半房 日式雪平锅加厚平底汤锅热奶锅电磁炉明火通用木柄泡面小煮锅 18cm黑色雪平锅套装,79.00,20+,https://item.jd.com/35018523664.html
半房 创意不锈钢过滤油炸油壶 带滤网厨房储油罐子 防漏大容量储油壶 油壶1.4L,49.00,20+,https://item.jd.com/35830457679.html
半房 塑料按压分装瓶沐浴露洗发水起泡瓶打泡器卸妆水洗手液瓶 450ml乳白分装瓶,16.00,70+,https://item.jd.com/36085770095.html
半房 船形陶瓷鱼盘菜盘子芝士焗饭盘微波炉双耳长烤盘创意餐盘 墨绿,36.00,50+,https://item.jd.com/38275895318.html
半房杂货 北欧风陶瓷带盖泡面碗哑光沙拉碗大汤碗日式拉面双耳碗 蓝色,33.15,20+,https://item.jd.com/34683716681.html
半房杂货北欧风玻璃水杯牛奶果汁饮料杯啤酒洋酒杯甜品思慕雪杯子 黑高款,16.80,70+,https://item.jd.com/30008942458.html
半房动物陶瓷儿童餐具分格小盘子卡通可爱一人食早餐套宝宝米饭碗 长颈鹿碗,18.00,70+,https://item.jd.com/32915163013.html
半房杂货 日式和风陶瓷大碗面碗汤碗饭碗釉下彩复古风沙拉碗菜碗 水莲款,28.00,30+,https://item.jd.com/34189532264.html
半房 加厚不锈钢漏网筛 单柄漏勺面捞过滤网面粉筛 去油勺厨用小工具 小号,9.00,40+,https://item.jd.com/36087374734.html
半房 简约铁艺菜罩家用圆形饭菜罩防苍蝇防尘食物罩小号剩菜罩桌罩 黑-中号,18.00,30+,https://item.jd.com/38266534283.html
半房 玻璃油刷带瓶烧烤刷厨房小工具煎饼烘焙油壶硅胶料理刷子油壶 小号,28.00,40+,https://item.jd.com/37189017692.html
半房 创意公鸡杯带把手梅森杯果汁冷饮杯家用玻璃水杯子吸管杯带盖 白-Fun（赠吸管）,15.80,20+,https://item.jd.com/44473593495.html
半房 日式粗陶茶点盘花瓣高脚盏日料零食小菜碟子迷你下午茶甜品碗 莲花甜品盘,42.00,10+,https://item.jd.com/38491352846.html
半房 金边炻瓷盘凉菜盘子意面平盘磨砂耐刮ins摆拍黑色西餐牛排盘 8寸盘,28.00,40+,https://item.jd.com/38388911832.html
半房 北欧水墨画PVC餐垫隔热垫装饰画防水防油桌垫创意西餐碗盘垫 大理石纹,8.80,100+,https://item.jd.com/34664567700.html
半房金边玻璃樱花小碟子酱料小菜碟透明花边盘子点心甜品冰淇淋碗 樱花碗（5寸）,20.00,50+,https://item.jd.com/33386926463.html
半房 日式复古陶瓷汤碗8寸面碗大号沙拉碗拉面泡面碗窑变做旧餐具 8寸大汤碗,45.00,0,https://item.jd.com/38387329175.html
半房 透明玻璃密封罐小罐子零食糖果收纳瓶厨房调料罐储物罐三只装 三只组合装（赠托盘）,19.90,20+,https://item.jd.com/35590319039.html
半房 创意陶瓷马克杯大容量水杯情侣对杯咖啡杯花卉早餐燕麦牛奶杯 大波斯菊,29.00,10,https://item.jd.com/41385880680.html
半房 日式玻璃功夫茶杯茶道杯锤纹金边小杯子公道杯品茗杯茶具配件 公道杯,25.00,20+,https://item.jd.com/35686817479.html
半房 欧式水晶红酒高脚杯玻璃香槟鸡尾酒杯家用大号葡萄酒杯子 斜口杯460ml,28.00,2,https://item.jd.com/36859863830.html
半房创意异形陶瓷餐盘个性手绘点心碟特色菜盘子寿司盘不规则汤盘 异型小碟,9.00,50+,https://item.jd.com/30005534162.html
半房 欧式尼龙防烫烧烤夹子 炒菜夹 铲子捞面意面条夹 面包烘焙沙拉食物夹 款b（铲夹）,16.80,60+,https://item.jd.com/35817320585.html
半房个性奶茶字母玻璃杯子带把果汁创意马克茶杯甜品杯燕麦早餐杯 Holiday（今天周末）,18.00,100+,https://item.jd.com/30007911689.html
半房金边锤纹玻璃杯日式清酒杯加厚创意冷饮凉水杯透明啤酒饮料杯 350ml中矮杯,23.00,100+,https://item.jd.com/32531509871.html
半房日式苎麻餐垫隔热垫螺纹圆形餐垫杯垫手工编织桌面防滑碗盘垫 18CM-米白,5.90,40+,https://item.jd.com/34684463688.html
半房杂货 日式手工草藤编织篮子收纳篮面包点心水果筐田园托盘篮 圆形款,42.00,7,https://item.jd.com/35029874324.html
半房 金边大号玻璃碗不规则拌凉菜碗果蔬甜品沙拉碗日式锤纹花边碗 基础灰,32.00,40+,https://item.jd.com/38373224808.html
半房创意陶瓷字母盘子大理石纹个性西餐沙拉圆盘早餐盘欧式菜盘子 无印款,24.00,70+,https://item.jd.com/29998498724.html
半房 个性欧式螺纹陶瓷深盘西餐意面浓汤盘拍照草帽盘蔬菜沙拉盘 灰款,26.00,30+,https://item.jd.com/34087328547.html
半房 花边陶瓷小碗双皮奶甜品盅布丁碗宝宝蒸蛋碗烘焙舒芙蕾小烤碗 布丁碗-深蓝,12.00,40+,https://item.jd.com/39938164200.html
半房 日式做旧陶瓷高脚盘复古风摆拍盘子茶点糕点盘迷你零食甜品盘 时尚白,36.00,7,https://item.jd.com/38387849472.html
半房 PP塑料长方形砧板防滑防霉加厚案板水果蔬菜切菜板料理辅食板 绿款,27.00,10+,https://item.jd.com/35653808750.html
半房 金边大理石纹陶瓷餐具套装饭碗汤面碗盘子家用多人食送礼盒装 四人14件礼盒装,258.00,0,https://item.jd.com/39853861837.html
半房杂货四季陶瓷珠边盘釉下彩菜盘子浮雕手绘花卉点心盘家用西餐平盘 8.5寸平盘-春,29.90,50+,https://item.jd.com/33162330458.html
半房 繁花陶瓷高脚碗家用饭碗加厚防烫汤面碗手绘釉下彩拌面沙拉碗 深蓝色,29.00,60+,https://item.jd.com/38494701482.html
半房 加厚高硼硅玻璃水壶大容量带盖水果花茶凉水壶冷饮壶杯套 竹盖大壶套装,108.00,0,https://item.jd.com/46539032448.html
半房简约高身玻璃杯灯工牛奶杯字母冷饮水杯甜品杯思慕雪大肚杯子 矮款-金SweetTime,16.00,70+,https://item.jd.com/41678280434.html
半房 ins金边锤纹玻璃碗家用饭碗水果沙拉碗早餐燕麦碗甜品燕窝碗 7寸冰花中圆碗,36.00,30+,https://item.jd.com/40859349421.html
半房 食品级硅胶烘焙小油刷耐高温烧烤抹油刷厨房烹饪小刷子食品刷 混色2只装,19.80,10+,https://item.jd.com/43557905515.html
半房日式陶瓷大汤面碗家用牛肉面碗拌面泡面拉面碗复古水果沙拉碗 冰裂纹（8英寸大汤碗）,38.00,30+,https://item.jd.com/34186604229.html
半房 云石渐变冷水壶耐热玻璃茶壶大容量冷饮壶家用凉水壶水杯套装 杯（2只装）,48.00,1,https://item.jd.com/47599311061.html
半房 四格硅胶冰格创意球形威士忌冰块盒制冰模具家用冰球带盖 薄荷绿,27.00,5,https://item.jd.com/45472320296.html
半房 榉木隔热防滑杯垫防烫餐桌垫办公室茶水杯垫子加厚木质小杯垫 圆-小捣蛋鬼,14.00,4,https://item.jd.com/37850921535.html
半房 日式手绘陶瓷长方盘复古艺术寿司日料盘个性甜品盘子家用摆盘 长方蓝条纹,28.00,20+,https://item.jd.com/44471305857.html
半房透明字母玻璃水杯果汁饮料杯耐热加厚早餐牛奶杯潮流冷饮杯子 雅黑-Trick,16.00,30+,https://item.jd.com/33376227045.html
半房 欧式大理石纹金边陶瓷西餐具米饭碗酱料碟深汤盘菜盘子面汤碗 8寸浅盘,32.00,100+,https://item.jd.com/29054539995.html
半房 欧式金边墨蓝陶瓷餐具家用菜盘酱料碟饭碗大汤面碗牛排西餐盘 8寸大汤碗,40.00,20+,https://item.jd.com/44015462170.html
半房 透明手提袋PVC盥洗包果冻包防水购物袋便当饭盒袋化妆收纳袋 白提手-条纹,27.00,10+,https://item.jd.com/37852545668.html
半房字母带盖玻璃瓶耐高温大容量随手杯防漏果汁杯运动便携水杯 950ml-waiting (等你),36.00,10+,https://item.jd.com/33162660267.html
半房杂货 欧式不锈钢咖啡勺甜品搅拌小勺子水果酸奶汤勺宝宝 黑金短款,8.00,100+,https://item.jd.com/30005854019.html
半房 长柄海绵杯刷厨房多功能清洁刷防发霉家用水壶酒杯奶瓶刷 素雅白,15.90,20+,https://item.jd.com/44476982860.html
半房 日式手绘创意火锅蘸酱料碗小菜味碟子不规则日料酱油碗 2号,9.90,100+,https://item.jd.com/34190638469.html
半房 不锈钢速冻降温冰粒冰块 威士忌红酒金属冷却模具 带冰夹4只装 方形4颗装（带夹子）,36.00,20+,https://item.jd.com/35684946362.html
半房 陶瓷蛋糕托盘带防尘玻璃罩面包盘点心甜品盘面包板欧式展示盘 大号带盖,88.00,6,https://item.jd.com/37598551637.html
半房 幻彩304不锈钢牛油刀 果酱刀黄油抹刀 奶油奶酪裱花刀西餐餐具 槟色,9.00,60+,https://item.jd.com/35655146906.html
半房日式竹木陶瓷分格盘创意糖果食品盘拼盘坚果零食盘分装调料碟 六格零食盘,46.00,20+,https://item.jd.com/34085628391.html
半房杂货不锈钢勺筷套装组合装学生便携餐具旅行勺子筷子收纳盒装 粉柄金头套装,68.00,20+,https://item.jd.com/29998456980.html
半房 金边雅蓝家用餐具多人套装陶瓷碗盘碟菜盘子汤面碗西餐牛排盘 六人24件礼盒装,398.00,10+,https://item.jd.com/39860218209.html
半房 长柄椰棕刷不粘锅刷子大号杯壶刷防发霉家用厨房多功能清洁刷 巧克力色,18.00,20+,https://item.jd.com/38482159462.html
半房 金色铁艺收纳筐化妆品金属置物网筐桌面杂物果蔬收纳篮子 高款,42.00,40+,https://item.jd.com/35585022948.html
半房 创意手动挤压柠檬榨汁器 水果橙子挤压器 宝宝辅食鲜果压榨汁机 明黄款,28.00,10+,https://item.jd.com/35751388510.html
半房 橡木面包板砧板切菜板水果板披萨木托盘宝宝辅食板烘焙用具蛋糕盘 宽款,55.00,0,https://item.jd.com/36919277589.html
半房 玻璃调料瓶套装 可旋转厨房酱油醋瓶 带孔盖小油壶调味瓶罐6只装 调味瓶6件套装,68.00,9,https://item.jd.com/35592029777.html
半房 透明玻璃烤盘加厚焗饭水果盘耐热烤箱微波炉烘焙盘家用菜盘子 9英寸,24.00,30+,https://item.jd.com/39940657787.html
半房 北欧带提手玻璃花瓶 英文字母水培插花瓶 创意水果零食收纳罐子 Pa-大号,36.00,10+,https://item.jd.com/35221926491.html
半房 小号日式手绘陶瓷盘窑烧家用菜盘个性青花甜品盘水果沙拉盘子 7.5寸-蓝叶,19.80,40+,https://item.jd.com/40234467275.html
半房 孔雀绿陶瓷餐盘长方鱼盘家用菜盘子创意摆拍盘美式金边牛排盘 基础2只装（正方+长方）,49.00,40+,https://item.jd.com/45463657690.html
半房 星空蛋形玻璃杯耐热办公室茶水杯网红摆拍杯子创意果汁咖啡杯 金色,18.70,0,https://item.jd.com/48153560529.html
半房杂货 创意ins简约不锈钢杯子家用字母随手杯小清新工业风杯子 500ML渴望（赠杯套）,26.00,10+,https://item.jd.com/38489505231.html
半房杂货复古粗陶餐盘西餐意面盘创意菜盘子日式深汤盘点心沙拉盘 哑光白(加长),38.00,5,https://item.jd.com/41643196747.html
半房 活性竹炭包新房除甲醛衣柜去味炭盒吸附除异味车载竹炭除臭包 三只装,18.00,5,https://item.jd.com/40867174430.html
半房 日式锤纹玻璃酒具温酒壶白酒分酒器小酒杯一壶四杯清酒壶套装 一壶四杯,58.00,20+,https://item.jd.com/37363368087.html
半房 水晶玻璃高脚杯红酒醒酒器斜口V型鸡尾酒香槟杯家用葡萄酒杯 450ml平口红酒杯-烟灰,38.00,10+,https://item.jd.com/41165558622.html
半房杂货欧式电镀金不锈钢西餐具刀叉勺子家用牛排刀甜品勺水果叉 牛扒刀,28.00,30+,https://item.jd.com/30009277369.html
半房 创意立式pp纸巾盒 长方形带木盖抽纸盒小号 车载客厅餐巾纸盒子 黑-立式,26.00,20+,https://item.jd.com/35846278730.html
半房杂货 日式字母玻璃碗创意沙拉碗透明甜品碗汤面碗早餐酸奶碗 三只混装,39.00,30+,https://item.jd.com/36203861070.html
半房 花瓣不锈钢勺子可爱少女冰淇淋甜品勺爱心樱花长柄咖啡搅拌勺 金-樱花,5.90,100+,https://item.jd.com/38382306116.html
半房 北欧几何免打孔挂钩厨房浴室粘胶无痕强力壁挂钩金属粘钩4只 黑款（四枚装）,14.00,50+,https://item.jd.com/40861889382.html
半房杂货 欧式铁艺杯子沥水架玻璃杯马克杯挂架收纳置物架水杯架 升级乳白,39.00,20+,https://item.jd.com/35028970969.html
半房 3条装洗碗巾 吸水不掉毛百洁布小方巾 家务清洁擦桌抹布小毛巾 三条套装B,12.00,10,https://item.jd.com/36092176551.html
半房锤纹玻璃冷水壶加厚耐热防爆凉水果汁壶大容量一壶二杯泡茶壶 单壶,68.00,40+,https://item.jd.com/32785221753.html
半房杂货双层方形玻璃杯大号牛奶果汁杯隔热防烫茶水杯冷饮啤酒杯 大号450ml,26.00,10+,https://item.jd.com/33565301850.html
半房 北欧ins水泥烟灰缸家用客厅摆件复古工业风办公室收纳盒 浅灰圆形,29.00,0,https://item.jd.com/44919901364.html
半房 日式朴素纯色棉麻餐巾茶巾 创意布艺西餐巾餐垫 擦杯布擦碗巾方巾 墨绿（30*42cm）,10.00,20+,https://item.jd.com/36080781347.html
半房 不规则日式陶瓷汤面碗白色水果沙拉喇叭碗创意家用米饭碗 5.5寸饭碗,18.00,1,https://item.jd.com/46534220751.html
半房 木柄硅胶铲不粘锅炒菜煎铲汤勺捞面漏勺油刷刮刀烘焙烹饪套装 炒铲,18.00,30+,https://item.jd.com/36392461404.html
半房 玻璃防漏密封油壶带盖酱油醋瓶高硼硅耐热厨房杂货调料调味瓶 圆肚油壶,42.00,7,https://item.jd.com/37187738443.html
半房 毛毡收纳筐长方形桌面收纳盒衣柜分类整理筐杂物储物篮子 小号,20.00,20+,https://item.jd.com/35589909001.html
半房 不锈钢密封玻璃罐子咖啡豆子收纳罐茶叶奶粉罐食品防潮储物罐 500ml中款,16.00,10,https://item.jd.com/37190430872.html
半房 陶瓷耐热砂锅炖汤煲汤石锅明火燃气煲仔塔吉锅家用小奶锅 3L大汤锅,166.00,8,https://item.jd.com/38263736759.html
半房 304不锈钢滤茶球茶漏 厨房炖汤调味包 调料卤料球 泡茶过滤网器 球形,10.00,50+,https://item.jd.com/35738104760.html
半房杂货 礼盒装鸡翅木筷子天然无漆无蜡原实木筷10双装日式餐具 青野の川（10切山顶装）,26.00,30+,https://item.jd.com/30003253532.html
半房 升级款皮革纸巾套客厅餐桌抽纸盒杂物桌面收纳车载加厚纸巾袋 姜黄-加长V口款,32.00,50+,https://item.jd.com/41403984709.html
半房 陶瓷花瓣碗蛋糕零食盘菜盘子创意不规则沙拉花边碗拌面碗 浅天蓝-大盘,38.00,40+,https://item.jd.com/38470587248.html
半房 手动压蒜器金属挤蒜捣蒜泥蒜蓉器宝宝辅食厨房小工具大蒜夹子 压蒜器,26.00,20+,https://item.jd.com/36076395906.html
半房 雪顶创意球形冰格水信玄饼冰膜威士忌冰块盒制冰模具硅胶冰球 深蓝色,18.00,0,https://item.jd.com/46059098297.html
半房耐热高硼硅玻璃水壶组合茶壶套装蜡烛加热花茶壶带杯子凉水壶 陶瓷加热底座,49.00,50+,https://item.jd.com/30000190896.html
半房 欧式皮革西餐垫防水防油防滑隔热垫碗盘杯垫易清洗加厚餐桌垫 黑灰,19.00,20+,https://item.jd.com/35826351064.html
半房指尖棉麻隔热手套烘焙防烫小巧锅耳套微波炉烤箱厨房五指手套 指尖隔热套（单只）,25.00,20+,https://item.jd.com/38277186288.html
半房 304不锈钢搅拌勺长柄咖啡勺果汁奶茶搅拌棒甜品勺子水果叉子 水果叉-银色,6.80,0,https://item.jd.com/48150614591.html
半房杂货手绘猫咪陶瓷碗可爱卡通宝宝辅食碗米饭拌面碗水果沙拉碗 蓝款,22.00,20+,https://item.jd.com/30029854616.html
半房 英文字母陶瓷盘子欧式早餐双耳盘意面牛排盘凉菜盘黑色长方盘 MORE,36.00,20+,https://item.jd.com/36824392708.html
半房 日式餐具二人食 10件套装陶瓷汤面碗长方寿司盘日料碟饭勺 二人食套装,138.00,4,https://item.jd.com/35602596478.html
半房杂货 ins滚筒粘毛器家用衣服除尘清洁器迷你手撕强力黏毛滚刷 替换装（3只装）,9.90,10+,https://item.jd.com/41385627453.html
半房 金边大理石纹陶瓷马克杯欧式彩色牛奶咖啡杯子男女情侣水杯 粉-Mrs女士,24.00,20+,https://item.jd.com/28506377850.html
半房 船形陶瓷盘子不规则窑变釉深汤盘水果沙拉摆拍餐具菜盘 8寸船盘,28.00,20+,https://item.jd.com/36855528661.html
半房 简约塑料密封罐 长方形冰箱储物保鲜盒 杂粮干果奶粉食品收纳罐 1500ml储物罐,19.00,10+,https://item.jd.com/35601668852.html
半房 日式万古烧咖啡杯套装早餐水杯碟粗陶小号浓缩咖啡杯碟勺组合 矮杯套装,32.00,4,https://item.jd.com/40234997127.html
半房 ins风不锈钢烟灰缸创意工业风小杂物收纳装饰摆件车载烟灰缸 黑色（记忆量具）,29.00,8,https://item.jd.com/37829171624.html
半房 ins字母金属收纳盘客厅桌面杂物盒子卧室梳妆台首饰整理托盘 英文句子,22.00,10+,https://item.jd.com/38390293748.html
半房 西式厨用油瓶玻璃防漏调味瓶醋壶创意按压酱油壶厨房工具套装 玫金-酱油壶（sauce）,25.00,10+,https://item.jd.com/41508015242.html
半房杂货日式陶瓷炖盅家用带盖小炖罐燕窝隔水炖盅宝宝辅食蒸蛋碗 麦田纹,22.00,10+,https://item.jd.com/33021208000.html
半房 厨房海绵清洁刷家用多功能洗锅刷子浴室刷瓷砖玻璃台面刷 森林绿,12.00,0,https://item.jd.com/46060821287.html
半房 不锈钢面粉筛厨房小工具打蛋器刨丝切片器过滤网筛烘焙工具 刨丝器,36.00,10,https://item.jd.com/37214826657.html
半房 简约磨砂桌面收纳盒透明PP化妆品整理盒防尘带盖组合储物盒 中蓝-双格,8.00,10+,https://item.jd.com/35585818078.html
半房耐热玻璃水壶带水杯大容量可加热茶水凉水壶果汁一杯一壶套装 横英TS款,42.00,6,https://item.jd.com/30006123385.html
半房 手绘陶瓷全套餐具田园小清新碗盘酱料碟双耳汤面碗手绘菜盘子 10寸花边浅盘,46.00,5,https://item.jd.com/38381141788.html
半房 西式电镀不锈钢刀叉勺子三件套装西餐牛排刀汤勺叉组合 刀叉勺3支套装,88.00,7,https://item.jd.com/36835754856.html
半房 欧式电镀304不锈钢水果叉 创意二齿叉 月饼点心水果叉 儿童叉子 黑金-桃心,9.80,20+,https://item.jd.com/35819222113.html
半房 铁艺厨房沥水架水池海绵锅刷置物架窗台杂物收纳卫生间肥皂盒 白色沥水架,26.00,6,https://item.jd.com/40868028854.html
半房 香槟粉电镀不锈钢刀叉勺 筷子西餐餐具套装 牛扒刀水果叉咖啡勺 金色-筷子,32.00,20+,https://item.jd.com/35661291170.html
半房 旋转塑料首饰收纳盒桌面小物件置物架女生多层耳环项链展示架 白色四层,38.00,0,https://item.jd.com/38270438467.html
半房 日式粗陶茶点酱料碟 高脚盏迷你小甜品碗 日料碗陶瓷零食小菜碟 迷你茶点盘,36.00,10+,https://item.jd.com/35682610104.html
半房 炫彩锤纹水晶甜品杯水果杯布丁奶昔玻璃杯子高脚冰淇淋甜品碗 200ml高脚甜品杯,24.00,10+,https://item.jd.com/37602910767.html
半房 美式复古金属托盘 客厅茶几铁艺收纳盘 方形点心果盘 做旧茶托盘 大长方盘,68.00,8,https://item.jd.com/35817913266.html
半房 不锈钢水果勺叉金色甜品叉勺水果签长柄小勺子奶茶咖啡搅拌棒 考拉-咖啡勺,36.00,20+,https://item.jd.com/40866634610.html
半房 鎏金红不锈钢刀叉勺西餐牛排刀主餐勺叉子咖啡勺新年送礼餐具 主餐刀,32.00,20+,https://item.jd.com/41169952593.html
半房 幻彩皮革化妆包旅行防水洗漱补妆包便携随身包杂物零钱收纳包 大号化妆包,36.00,6,https://item.jd.com/42668347440.html
半房 手描花卉陶瓷花瓶创意客厅装饰摆件家用复古干花瓶插花器 大号花瓶,68.00,0,https://item.jd.com/47005548350.html
半房 仿藤手工编织收纳筐杂物零食果蔬面包篮子客厅厨房复古置物筐 圆型-小号,26.00,20+,https://item.jd.com/38370824253.html
半房 日式粗陶小碟子家用火锅酱料味碟复古小菜点心碟酱油醋碟 黑撞白,11.80,6,https://item.jd.com/43557289816.html
半房 创意不锈钢过滤吸管勺多功能饮料吸管勺子两用咖啡搅拌勺茶勺 魅银款,12.80,10+,https://item.jd.com/37224364119.html
半房 日式陶瓷小碟子火锅调料蘸料碟小味碟醋酱油碟小吃小菜碟 墨石,12.50,50+,https://item.jd.com/39679381743.html
半房 北欧铁艺纸巾架餐桌厨房卫生间卷纸架厚实立式纸巾收纳架 散尾葵叶厨房纸单卷,22.00,10+,https://item.jd.com/45263980393.html
半房 大理石擀面杖厨房烘焙小工具饺子皮馄饨皮家用小号擀面棍 磨砂白,25.00,20+,https://item.jd.com/37859289713.html
半房 时尚牛仔围裙情侣家居帆布厨房围裙挂脖烘焙西餐厅工作服 黑色款,46.00,30+,https://item.jd.com/37853057096.html
半房杂货双层隔热玻璃杯花茶水杯冷饮杯子带盖办公室咖啡杯品茗杯 小号（240ml）,14.00,60+,https://item.jd.com/32918128442.html
半房 ins丝绒洗脸束发带简约宽边压发带健身防滑发带发饰化妆发箍 高雅灰,26.00,10+,https://item.jd.com/41164207866.html
半房杂货日式樱花陶瓷餐具饭碗菜盘子拉面大汤碗分格盘长方日料盘 马克杯,15.00,20+,https://item.jd.com/30008534541.html
半房 透明塑料密封罐厨房粗粮茶叶豆类储物罐PET食品挂面收纳瓶 方款3件套,62.00,5,https://item.jd.com/37040532222.html
半房杂货英文字母玻璃杯耐热创意早餐牛奶杯子饮料果汁啤酒杯水杯 黑色字母杯,16.00,10+,https://item.jd.com/33254064697.html
半房粗陶风陶瓷沙拉碗日式家用汤面碗手工复古土陶老式深汤盘家用 5.3英寸釉点碗,32.00,10+,https://item.jd.com/34085235810.html
半房 不锈钢和面盆加厚加深打蛋盆刻度大号沙拉料理碗烘焙厨房工具 大号24cm,42.00,7,https://item.jd.com/36300592694.html
半房 天然硅藻土杯垫涂鸦风餐桌隔热防烫垫碗垫牙杯肥皂防滑吸水垫 墨画,16.00,20+,https://item.jd.com/37599637895.html
半房杂货 简约铁艺收纳架厨房置物架免打孔落地双层多功能碗盘架子 短款,42.00,4,https://item.jd.com/39940017104.html
半房杂货 陶瓷咖啡杯碟套装小水杯子甜品碟下午茶茶具复古绿花茶杯 细腰杯碟套装,39.00,10+,https://item.jd.com/40626977283.html
半房 北欧玻璃花瓶窄口水培插花瓶客厅装饰摆件创意字母小花瓶 粉-Beautiful,24.00,0,https://item.jd.com/44020628979.html
半房钻面金边玻璃水杯加厚啤酒洋酒杯甜品冷饮果汁杯子威士忌酒杯 方矮,28.00,9,https://item.jd.com/33255010204.html
半房 欧式玻璃红酒高脚杯高档金边香槟杯鸡尾酒杯家用冰淇淋甜品杯 粉色款,28.00,3,https://item.jd.com/44921497095.html
半房 金边雅蓝家用碗盘酱料碟饭碗汤面碗陶瓷菜盘子牛排盘西餐餐具 4.5寸饭碗,16.00,30+,https://item.jd.com/39854782898.html
半房杂货 耐热温差高硼硅玻璃水壶泡茶壶茶具套装花茶壶防爆送杯 1.6L（送4品茗杯）,105.00,3,https://item.jd.com/32917667264.html
半房 硅胶不粘锅铲 炒菜铲子煎铲捞面漏勺盛汤勺打蛋器厨具套装 漏勺,16.00,20+,https://item.jd.com/35670360950.html
半房 陶瓷手冲咖啡器具咖啡壶滴漏单孔过滤器美式扇形102滤纸套装 浅灰滤壶组（送滤纸）,96.00,3,https://item.jd.com/38473861793.html
半房 直身毛毡收纳筐手提玩具杂物储物筐衣物收纳桶加厚脏衣篓 8L-灰色小款,19.00,10,https://item.jd.com/38567590264.html
半房 不锈钢土豆泥压泥器宝宝辅食双层水果红薯捣碎器压薯泥器 升级双层款,32.00,0,https://item.jd.com/36839341097.html
半房双层铁艺厨房收纳架多功能卫生间置物架调味瓶罐油壶整理架子 白色双层架,38.00,5,https://item.jd.com/37369698700.html
半房 硅藻土皂垫洗手台吸水垫洗漱垫皂托牙刷杯垫硅藻泥小垫子 鱼群,16.00,50+,https://item.jd.com/37842074574.html
半房 304不锈钢尖嘴拉花杯咖啡手冲壶奶泡杯咖啡机配套不粘拉花缸 300ml加厚拉花杯,45.00,10+,https://item.jd.com/38475154346.html
半房日式和风陶瓷餐具米饭碗汤面碗菜盘子日料寿司长方盘双耳烤盘 放射纹（9.7英寸长方盘）,26.00,60+,https://item.jd.com/35023117899.html
半房 迷你柿子陶瓷茶叶罐茶饼红茶绿茶茶具旅行便携随身普洱密封罐 柿子茶叶罐 （2只装）,38.00,10+,https://item.jd.com/38576102379.html
半房 欧式金属烛台装饰品摆件浪漫节日烛光晚餐高脚蜡烛香薰架 24cm矮款,38.00,0,https://item.jd.com/42664809398.html
半房 多功能铁艺沥水篮双层盘子架碗碟收纳架厨房双层置物架沥水架 黑-沥水架,72.00,10+,https://item.jd.com/34685851041.html
半房 创意动物树脂冰箱贴家用留言贴便签可爱猫咪冰箱磁贴小装饰贴 笑脸-橘猫,12.80,0,https://item.jd.com/47007660144.html
半房日式陶瓷酒具一壶两杯清酒壶套装白酒烈酒壶温酒壶小酒盅礼盒 一壶二杯套装,35.00,10+,https://item.jd.com/30003693139.html
半房 PP塑料沥水篮客厅茶几水果置物篮大容量厨房果蔬洗菜篮淘米盆 红色,22.00,5,https://item.jd.com/40230801462.html
半房 大理石纹理陶瓷钵形盘子汤盘深盘大号拌面碗餐盘菜盘子 大理石纹钵形盘*1,35.00,10,https://item.jd.com/37604064272.html
半房 四季手绘陶瓷餐具田园风水杯子西餐平盘深汤盘饭碗面碗菜盘子 5.5寸碗-冬,18.00,0,https://item.jd.com/43561467583.html
半房杂货 日式透明玻璃碗大号蔬菜水果沙拉碗创意锤纹异形甜品碗 描金,42.00,30+,https://item.jd.com/37277323699.html
半房 免打孔壁挂式卫生间卷纸盒厕所防水不锈钢纸巾盒卫生纸置物架 白色款（ABS塑料）,32.00,8,https://item.jd.com/40857875170.html
半房 日式玉子烧煎锅麦饭石不粘平底锅硅胶煎铲煎蛋厚蛋烧多功能锅 黑色款煎锅,54.00,10+,https://item.jd.com/40628486511.html
半房杂货 欧式透明玻璃竹木盖调料罐套装简约调味料盒糖盐瓶罐子 不等高款,47.60,6,https://item.jd.com/36833969587.html
半房 布艺饭菜罩 可折叠防尘保温罩 厨房剩菜罩 小号餐桌防苍蝇碗盘罩 大-绿格子,16.00,20+,https://item.jd.com/35843708202.html
半房 日式粗陶大号水杯陶瓷马克杯螺纹咖啡牛奶杯大容量燕麦早餐杯 500ml畅饮杯,22.00,9,https://item.jd.com/35819743349.html
半房 pp塑料化妆品收纳盒口红首饰置物盒多功能桌面双层抽屉储物盒 分格款,24.00,2,https://item.jd.com/41167962395.html
半房杂货 灯工玻璃杯子耐热水杯早餐杯带把手牛奶茶杯果汁饮料杯 白Morning（把手杯）,19.30,40+,https://item.jd.com/32511456772.html
半房 不锈钢咖啡手冲壶迷你滴漏式咖啡器具挂耳咖啡细口长嘴水壶 300ml手冲咖啡壶,58.00,5,https://item.jd.com/36284952172.html
半房 木质不粘锅专用炒菜铲子饭铲火锅捞勺汤勺漏勺泰国柚木 33cm炒铲,38.00,10+,https://item.jd.com/36825109091.html
半房杂货金边大理石纹陶瓷餐具米饭碗大汤面碗菜盘子家用碗盘组合 7寸汤碗,38.00,10+,https://item.jd.com/39851321376.html
半房 PP塑料创意砧板家用水果面包板防霉壁挂长方小案板厨房切菜板 黑边-波点,19.00,0,https://item.jd.com/44024507881.html
半房 日式紫砂富士碗创意陶土复古水果沙拉碗家用米饭碗斗笠汤面碗 7寸小碗,30.60,0,https://item.jd.com/48147722240.html
半房杂货美式陶瓷大碗复古做旧汤碗面碗米饭碗水果沙拉碗家用菜碗 沙拉碗,25.00,30+,https://item.jd.com/30039689258.html
半房 简约塑料食品袋封口夹茶叶零食保鲜防潮夹奶粉袋密封夹子10只 A套装（10只装）,12.00,10+,https://item.jd.com/40858657539.html
半房 日式耐高温盛饭勺电饭煲饭铲加厚不粘稀饭盛粥汤勺子合金塑料 盛饭勺-黑,9.90,40+,https://item.jd.com/35820271536.html
半房 鲸鱼陶瓷筷子托创意可爱动物筷枕酒店餐桌摆台餐具勺子架筷架 深蓝,6.80,30+,https://item.jd.com/38274582274.html
半房 带刻度玻璃量杯微波炉耐热把手杯1000ml大容量牛奶烘焙刻度杯 中号,28.00,30+,https://item.jd.com/37229565301.html
半房 透明彩色玻璃花瓶 文艺宽口插花器 超大号水培容器台面摆件 粉紫,88.00,6,https://item.jd.com/36088199273.html
半房日式粗陶小茶壶礼盒套装茶道泡茶品茗杯壶带托盘一壶四杯茶具 松绿石茶壶礼盒装,178.00,20+,https://item.jd.com/35020086779.html
半房 榉木柄猪鬓毛刷烘焙油刷烧烤刷 牛油刷蜂蜜刷 厨房烘焙烧烤工具 笔形款,14.00,10,https://item.jd.com/36918506130.html
半房 塑料厨房调料盒套装带盖带勺陶瓷调料收纳罐子家用调味组合装 蓝色调味盒,45.00,0,https://item.jd.com/43558888763.html
半房 描金玻璃密封罐食品零食奶粉收纳罐厨房杂粮意面透明储物罐子 300ml矮款,18.00,5,https://item.jd.com/41163770222.html
半房 复古炻瓷汤面碗酱料小菜碗汤吞杯不规则创意沙拉碗高脚钵仔碗 3.4寸小料碗,15.00,30+,https://item.jd.com/37233030843.html
半房 动物树脂冰箱贴便签 磁贴迷你可爱卡通厨房装饰贴 磁铁留言贴 小象,12.00,20+,https://item.jd.com/35594455342.html
半房 美式法兰绒咖啡滤泡手冲壶 带滤网免滤纸耐高温玻璃滴滤壶 手冲滤泡壶,82.00,3,https://item.jd.com/35670940342.html
半房 三位陶瓷筷子筒筷子笼防霉沥水架多功能筷子勺叉收纳架 三位筷子筒,59.00,1,https://item.jd.com/35759244777.html
半房 厨房刀具收纳架砧板菜板架铁艺坐式多功能厨房置物架 置物刀架,45.00,0,https://item.jd.com/36839928152.html
半房 简约PP塑料纸巾盒家用桌面收纳盒客厅抽纸盒车载餐巾纸盒 灰白色,26.00,1,https://item.jd.com/46061694921.html
半房 简约塑料厨房沥水架防霉碗盘架家用多功能筷子水杯置物收纳架 青草绿,59.00,0,https://item.jd.com/44922084513.html
半房 日式和风实木筷子创意个性环保筷家用复古防滑木质圆头筷 竹木拼接,6.50,0,https://item.jd.com/47587503159.html
半房 ins金色大理石纹餐具米饭碗甜品汤碗家用菜盘子陶瓷碗盘组合 黑-4.5寸碗,18.00,0,https://item.jd.com/38489951972.html
半房杂货 创意字母骨瓷盘子文艺西餐盘牛排盘蛋糕点心早餐盘菜盘 PAT款,26.00,0,https://item.jd.com/30002963662.html
半房 硅胶被子固定器被角床单被套防跑扣防滑四角无痕安全固定夹子 磁铁解扣器,19.00,0,https://item.jd.com/42150407100.html
半房 加厚硅胶保鲜袋耐高温密封食物袋冰箱冷冻分装袋防漏自封袋子 1000ml保鲜袋-蓝色,18.00,20+,https://item.jd.com/36321257521.html
半房 铁艺多层置物架锅盖架沥水架免打孔坐式杯子架厨房收纳砧板架 日式三层架,49.00,0,https://item.jd.com/37600241454.html
半房 日式异形陶瓷深汤盘水果沙拉甜品碗直边大汤钵家用菜盘子 8寸深盘,39.00,0,https://item.jd.com/47583762760.html
半房 火山岩不粘炒锅燃气电磁炉小煎锅多功能小奶锅家用带盖炒菜锅 3.5L大号锅具套装（带盖）,99.00,9,https://item.jd.com/41644235215.html
半房杂货可爱陶瓷卡通碗手绘釉下彩儿童小饭碗南瓜造型甜品宝宝碗 350ml南瓜碗,19.90,0,https://item.jd.com/38468912454.html
半房 PET塑料冰箱收纳盒透明带盖大整理盒点心水饺冷藏冷冻保鲜盒 透明款,53.00,0,https://item.jd.com/43132811306.html
半房 魔术硅胶洗碗手套厨房清洁手套加厚防水不伤手洗衣服家务手套 粉色,36.00,2,https://item.jd.com/41745019430.html
半房 蛋白营养粉塑料遥遥杯奶昔杯健身便携车载大容量三层运动水杯 500ML-保持平衡,38.00,5,https://item.jd.com/38485841148.html
半房 麦饭石日式油炸锅 电磁炉通用小炸锅 加厚天妇罗小吃双耳不粘锅 中号2.3L,68.00,10+,https://item.jd.com/35660438248.html
半房 不锈钢多功能切蛋器家用水果分割器厨房松花蛋咸蛋鸡蛋切割器 渐变橙,29.80,8,https://item.jd.com/43559977146.html
半房 日式编织家居拖鞋情侣家用防滑拖夏日清凉布艺拖室内地板凉拖 烟灰43/44（适合42/43）,45.00,0,https://item.jd.com/45477930321.html
半房 欧式不锈钢西餐餐具套装 刀叉勺子 西餐勺牛排刀甜品勺咖啡勺果叉 黑银（牛扒刀）,26.00,0,https://item.jd.com/35834380501.html
半房 创意水泥插笔架桌面三角收纳笔架家用中性笔摆件置笔架子 三角笔架,46.00,0,https://item.jd.com/46062828567.html
半房 硅胶旅行分装瓶沐浴露护肤品便携瓶挤压式户外洗漱小空瓶套装 60ML-灰色,19.00,0,https://item.jd.com/38492061436.html
半房 硅胶防溢锅盖耐高温蒸笼大号保鲜盖通用万能盖防溅提手盖 26cm硅胶防溢锅盖,29.00,0,https://item.jd.com/38492847725.html
半房 厨房保鲜膜切割器家用食品保鲜袋收纳盒磁铁不锈钢刀片切割盒 保鲜膜切割盒,34.00,0,https://item.jd.com/43558409060.html
半房 金边大理石纹二/四/六人食碗盘套装汤面碗西餐盘陶瓷餐具礼盒 四人14件礼盒装,258.00,0,https://item.jd.com/39871216673.html
半房 北欧棉麻布艺衣物收纳篮加厚方形脏衣篓家用玩具收纳筐桶 大号-深灰,39.00,0,https://item.jd.com/44477397887.html
半房 304不锈钢手冲咖啡壶木手柄长嘴细口壶滴家用漏式挂耳冲泡壶 600ml细嘴咖啡壶,98.00,0,https://item.jd.com/38479225544.html
半房 简约PP垃圾桶办公室纸篓宿舍厨房客厅卫浴无盖大号垃圾箱 小号灰,18.00,0,https://item.jd.com/41248894922.html
半房 手持半自动面粉筛430不锈钢加厚双层糖粉筛子厨房烘焙过滤杯 小号,29.00,0,https://item.jd.com/41384845395.html
半房 镭射锤纹水晶玻璃水杯清酒啤酒果汁冷饮杯子炫彩冰淇淋甜品杯 440ml细高杯,28.00,0,https://item.jd.com/38271536210.html
半房杂货免打孔挂钩创意大号厨房卫生间墙面挂钩无痕强力粘胶粘钩 三钩-蓝,18.00,10,https://item.jd.com/40232009681.html
半房杂货不锈钢沥水筷子筒金属筷子餐具收纳筒厨房沥水防霉筷笼 weekend,20.00,10,https://item.jd.com/40627839693.html
半房 ins创意梳妆台收纳盘家用北欧陶瓷首饰架戒指项链托盘首饰盒 鹿角,26.00,0,https://item.jd.com/42151439553.html
半房 陶瓷沥水筷子筒家用刀叉勺筷收纳置物架简约二位防霉筷架筷笼 二位筷子筒,38.00,0,https://item.jd.com/35085629557.html
半房 英文刺绣丝绒餐垫餐布防滑隔热桌垫家用碗盘垫装饰摆拍垫餐巾 墨绿色,22.00,10+,https://item.jd.com/41641398297.html
半房 创意强力粘胶挂钩厨房浴室无痕粘钩个性免钉墙壁免打孔小挂钩 仙人掌黑白一对,8.80,0,https://item.jd.com/42639114431.html
半房 304不锈钢硅胶茶漏树叶茶滤创意茶叶过滤网杯子泡茶滤茶神器 灰色2只装,15.60,0,https://item.jd.com/44474439081.html
半房 无涂层平底煎锅电磁炉燃气灶通用304不锈钢带盖牛排不粘锅 26cm不粘煎锅（带盖）,198.00,0,https://item.jd.com/38372341030.html
半房 硅胶雪糕模具带盖自制DIY棒冰冰块盒可爱儿童冰淇淋冰棒冰模 粉色-樱花,15.80,0,https://item.jd.com/46537288267.html
半房 复古手绘小砂锅煲仔饭汤锅儿童热牛奶煮粥锅明火一人食陶土锅 樱花小锅,35.00,10+,https://item.jd.com/37232930387.html
半房 水晶玻璃香槟杯超薄彩色高脚杯葡萄酒鸡尾酒杯家用红酒杯 透明,32.00,0,https://item.jd.com/43134954907.html
半房 不锈钢雪平锅宝宝辅食奶锅煮泡面小锅加厚电磁炉通用平底汤锅 20cm大号锅盖,42.00,10+,https://item.jd.com/37216325831.html
半房 塑料带盖双层沥水篮家用洗水果篮子淘菜盆厨房碗盘收纳沥水架 大号,28.00,10+,https://item.jd.com/41744324983.html
半房 耐高温玻璃锅透明大容量家用带盖炖锅燃气明火直烧煲汤锅 3L炖锅,238.00,0,https://item.jd.com/44481232337.html
半房金边大理石纹二人食餐具10件套装汤碗菜盘碟欧式陶瓷餐具组合 金边大理纹二人食,168.00,4,https://item.jd.com/30005333858.html
半房杂货少女粉金属刀叉勺筷套装西餐牛扒刀主餐叉勺子餐具礼盒装 银头四件套,108.00,3,https://item.jd.com/30002031342.html
半房 透明冰箱食物收纳盒塑料储物盒便携长方形密封保鲜盒套装 小号-矮,9.00,5,https://item.jd.com/38267431628.html
半房 ins不锈钢立式纸巾架北欧烫金简约桌面餐巾架咖啡滤纸收纳架 黑三角,46.00,3,https://item.jd.com/41384597731.html
半房 食品袋封口夹厨房塑料袋防潮密封夹子木质创意零食夹2只 榉木2只装,25.00,4,https://item.jd.com/43132183457.html
半房中秋绘金陶瓷餐盘家用创意甜品点心盘茶托盘节日送礼月饼盘子 团圆10英寸盘,48.00,3,https://item.jd.com/33160702182.html
半房 时尚金边陶瓷碗创意米饭菜碗字母爱心水果沙拉甜品碗儿童碗 心环款,26.00,20+,https://item.jd.com/30021421484.html
半房 彩色玻璃酒杯冷饮水杯透明饮料杯子家用啤酒洋酒威士忌杯 透明,12.00,0,https://item.jd.com/43133759497.html
半房彩色不锈钢弯头吸管非一次性奶茶水杯吸管加长梅森瓶金属吸管 弯-短款原色,9.90,20+,https://item.jd.com/33255656332.html
半房 仙人掌带盖玻璃杯 胶囊瓶耐热饮料茶水杯 可爱情侣杯 防漏便携随手杯 单棵仙人掌（赠送杯套）,22.00,7,https://item.jd.com/35674183538.html
半房 北欧式棉麻简约烤箱防烫手套 微波炉隔热森系烘焙加厚手套 黑格子,12.80,10+,https://item.jd.com/35669370122.html
半房 家用不锈钢切丝器瓜果刨丝器土豆刮削皮刀多功能刨片刀器 单只装,24.00,7,https://item.jd.com/36857563158.html
半房杂货 可爱陶瓷调料罐带勺带盖盐糖瓶罐创意卡通调味盒三件套 灰色,26.00,10+,https://item.jd.com/39938571799.html
半房 日式青花陶瓷调味料罐 家用油盐佐料罐子 带勺带盖调味盒 白叶,22.90,8,https://item.jd.com/35821797024.html
半房 ins欧式不锈钢带盖字母水杯 简约随手牛奶杯 便携车载吸管杯 弯吸管,7.80,10+,https://item.jd.com/35656367982.html
半房 多格PP内衣收纳盒桌面带盖塑料储物盒文胸内衣袜子分类整理箱 矮款10格,24.00,10+,https://item.jd.com/35588016956.html
半房 手描蓝边陶瓷碗盘饭碗酱料碟钵形大汤面碗菜盘子鱼盘西餐餐具 12寸鱼盘,43.50,10+,https://item.jd.com/39680438770.html
半房 天然大理石托盘ins蛋糕甜品茶盘桌面化妆品首饰收纳摆拍道具 丛林绿,108.00,7,https://item.jd.com/41641814904.html
半房 窑变陶瓷碗盘甜品碗酱料碟汤面碗菜盘子西餐牛排盘花边餐具 10寸梅花盘,39.00,10+,https://item.jd.com/41168415285.html
【+1元换购区】单笔订单满额加1元可选购一件商品（单拍不发） 实付满168元可换购pvc餐垫,1.00,30+,https://item.jd.com/40245243482.html
半房 硅胶香皂托可沥水手工皂垫创意花瓣卫生间浴室立体肥皂盒 混色两只装,22.80,10,https://item.jd.com/40860744195.html
半房 排插座收纳盒电源线插线板多功能理线盒 带手机架槽桌面整理盒 升级款-白身灰盖,29.00,10,https://item.jd.com/35591696693.html
半房 抽屉分隔收纳盒厨房餐具组合式分类盒透明塑料桌面杂物整理盒 中长宽23*15.3,22.00,20+,https://item.jd.com/38376943763.html
【餐具饮具】第二件5折专区 家用米饭碗面碗盘叉 放射纹勺子-5只装,20.00,10+,https://item.jd.com/39051886648.html
半房 创意不锈钢过滤油炸油壶带滤网厨房储油罐子防漏大容量储油壶 油壶1.7L,59.00,1,https://item.jd.com/37228982186.html
半房 麦饭石小奶锅 不粘迷你煮泡面小汤锅 电磁炉燃气通用宝宝辅食锅 黑色小奶锅,48.00,1,https://item.jd.com/35675687426.html
【+9.9元换购区】单笔订单满额加9.9可选购一件商品（单拍不发） 实付满268可换购蝶恋花长盘,9.90,10,https://item.jd.com/39082210347.html
半房 长柄软毛沐浴刷去死皮后背搓澡清洁刷强力去角质洗澡懒人刷子 森林绿,24.00,6,https://item.jd.com/37847179103.html
半房 pp塑料化妆品收纳盒梳妆台多功能抽屉式储物盒口红多层整理盒 大抽屉B款,39.00,9,https://item.jd.com/35583838476.html
半房硅藻土洗手台垫吸水防滑垫洗漱杯垫电动牙刷肥皂托浴室置物垫 PLANT清爽的家）,32.00,7,https://item.jd.com/33563263113.html
半房 美式手工锤纹水晶杯家用水杯茶杯透明玻璃杯酒杯冷饮杯赠礼盒 E款425ml,26.00,2,https://item.jd.com/42637871482.html
半房 玻璃密封罐按压食品储物罐杂粮豆子意面收纳罐防潮奶粉罐 2200ml意面罐,36.00,10+,https://item.jd.com/38472701115.html
半房 日式尖嘴陶瓷酱料碟防挂油酱油醋碟创意家用火锅酱斗碗调味碟 4寸款,16.00,1,https://item.jd.com/43131506869.html
半房 可爱保温硅胶杯盖密封防尘马克杯盖耐热水杯盖碗盒密封保鲜盖 粉色-大,12.80,1,https://item.jd.com/36322351988.html
半房 法兰绒地垫进门垫子床边地毯厨房防滑垫浴室门口吸水脚垫 Nice day每日安好（长款）,44.00,6,https://item.jd.com/36311937074.html
半房 日式锤目纹玻璃杯子水杯茶杯夏日冷饮清酒洋酒杯冰淇淋杯 粗高280ml,29.00,3,https://item.jd.com/36908060131.html
半房 加厚PP收纳箱大号抽屉衣物玩具筐桌面整理箱带盖储物箱 灰-大号,38.00,5,https://item.jd.com/35586909666.html
半房杂货不锈钢刀叉勺西餐餐具套装金属牛排刀甜品咖啡勺韩式筷子 金色-咖啡勺,8.00,4,https://item.jd.com/30002219894.html
半房 手工柚木炒菜铲子套装家用拌饭铲汤勺火锅长柄勺子不粘锅木铲 25cm饭铲,32.00,2,https://item.jd.com/41743077387.html
半房 复古铁艺收纳筐遥控器化妆品桌面杂物筐厨房刀叉勺收纳盒 白色,34.00,0,https://item.jd.com/44478149112.html
半房 手工草编餐垫防滑隔热垫防烫杯垫大号锅垫碗盘垫子两只装 20cm-白色2只装,19.00,2,https://item.jd.com/42638510808.html
半房 ins铁艺双层首饰架化妆品多层收纳盘桌面钥匙耳环杂物置物盘 2层款,98.00,0,https://item.jd.com/38564162343.html
半房日式陶瓷酱料碟小醋碟子迷你番茄碟调料碟钵仔糕碟小号酱油碟 黑色,8.80,0,https://item.jd.com/34084719336.html
半房 欧式金边陶瓷餐具多人套装家用菜盘饭碗汤碗西餐盘六人食礼盒 二人5件简装,128.00,0,https://item.jd.com/47589975658.html
半房 欧式黑边餐具套装饭碗汤勺面碗长方鱼盘家用二/四/六人食礼盒 二人11件套装（无礼盒）,138.00,0,https://item.jd.com/35738774405.html
半房 北欧天然大理石烛台桌面装饰摆件浪漫西餐香薰蜡烛ins小烛台 黑色,48.00,6,https://item.jd.com/38225658246.html
半房 麦饭石不粘锅家用炒菜锅燃气灶电磁炉通用平底锅带盖牛排煎锅 28cm带盖炒锅,189.00,0,https://item.jd.com/47009307381.html
半房 日式松绿陶瓷煮茶壶套装蜡烛加热底座家用泡茶壶功夫茶具组合 煮茶壶套装(5件套）,126.00,0,https://item.jd.com/45476170317.html
半房 北欧棉麻布艺衣物收纳篮加厚方形脏衣篓手提玩具收纳筐桶 大号-深灰,42.00,2,https://item.jd.com/36837570667.html
半房 ins幻彩金边玻璃碗盘锤纹水果沙拉碗家用牛排西餐盘冷菜盘子 10.5寸大盘,52.00,0,https://item.jd.com/43131131067.html
半房 ins牛皮纸桌面收纳袋化妆刷收纳桶花盆装饰袋杂物书刊置物袋 美好时光-小黄,18.00,0,https://item.jd.com/38374641573.html
半房 不锈钢量勺长柄咖啡奶粉量杯厨房烘焙带刻度毫升量勺四件套装 金色款,55.00,0,https://item.jd.com/37190187983.html
半房 北欧半圆金属托盘家用首饰戒指项链收纳盘梳妆台杂物置物托盘 半圆-粉,33.15,0,https://item.jd.com/48149769339.html
半房 碳钢烘焙模具蛋挞甜甜圈6格连模烤箱不粘正方形蛋糕烤盘 6孔蛋糕模具,28.00,0,https://item.jd.com/45474040246.html
半房 加厚不锈钢小火锅煲仔锅双耳小干锅电磁炉通用2人家用平底锅 不锈钢折耳锅（送手套２只）,148.00,0,https://item.jd.com/38558860054.html
半房 金边心形玻璃碗锤纹水杯创意欧式水果沙拉碗家用酒杯果汁杯子 心形碗,32.00,0,https://item.jd.com/47004287507.html
半房杂货日式家用六人食陶瓷餐具套装26头饭碗菜盘子汤碗分格盘碟 26头套装A,245.00,0,https://item.jd.com/34186113788.html
半房 复古铁艺桌面收纳盒杂物筐遥控化妆品厨房刀叉勺收纳盒 沙纹黑,48.00,0,https://item.jd.com/35652303973.html
半房 波纹金边玻璃盘北欧风简约锤纹甜品盘礼盒装家用水果沙拉盘 8.5寸浅盘,24.65,0,https://item.jd.com/48152184042.html
半房 北欧按压式垃圾桶厨房客厅卫生间简约纸篓分类翻盖隐形垃圾篓 生活栖息款,68.00,0,https://item.jd.com/41248253251.html
半房 麦饭石不粘平底煎锅燃气灶电磁炉家用炒锅牛排煎蛋日式不粘锅 2600ML大号,98.00,0,https://item.jd.com/41164459427.html
半房 PP塑料砧板三件套装家用水果面包板防霉壁挂小案板厨房切菜板 砧板3件套,45.00,0,https://item.jd.com/46062230550.html
半房 雪花釉金边陶瓷高脚碗复古燕窝甜品碗家用茶点盏小菜碗点心碟 4.5寸高脚碗,36.00,0,https://item.jd.com/46534920088.html
半房按压式不锈钢保温壶家用学生宿舍大容量暖水瓶真空内胆热水壶 1·5L-雅黑,158.00,0,https://item.jd.com/38480126345.html
半房 日本进口多功能刨丝器手动切丝切菜器姜蒜研磨泥器擦丝器套装 多功能切丝套装,118.00,0,https://item.jd.com/36394001522.html
半房 复古手绘陶瓷马克杯情侣对杯办公室水杯咖啡杯燕麦早餐牛奶杯 手绘蝶恋花,26.00,0,https://item.jd.com/47584404511.html
半房 带盖意面挂面条盒 长方形筷子收纳盒 厨房防潮储物塑料盒保鲜盒 厨房收纳盒一只装,12.80,0,https://item.jd.com/35842784183.html
半房 厨房洗碗抹布三条装吸水百洁布加厚细纤维清洁巾洗碗布 去污薄款-三条装,15.30,0,https://item.jd.com/48662886970.html
半房 锤纹玻璃沙拉碗家用水果碗宽口斗笠凉面碗金边甜品碗冰淇淋碗 7寸-金边款,28.90,0,https://item.jd.com/48664820453.html
半房 ins风玻璃收纳盒桌面化妆品首饰置物盒黄铜分格透明整理盒子 两格,68.00,0,https://item.jd.com/37851932729.html
半房 玻璃带盖油壶酱油醋瓶料酒壶高硼硅厨房家用调味料玻璃瓶 金色425ml-醋壶,26.00,0,https://item.jd.com/46536387825.html
半房 幻彩贝壳首饰收纳盘创意梳妆台迷你摆件家用钥匙杂物收纳托盘 5寸贝壳盘,20.40,0,https://item.jd.com/48663974365.html
半房 简约铁皮装米桶家居厨房收纳箱小清新配米勺防潮防蛀储米箱子 粉色大号方桶,96.00,0,https://item.jd.com/37234857181.html
半房 厨房家用水果刨刀不锈钢披萨轮刀土豆切丝器多功能小工具套装 多功能四件套,79.00,0,https://item.jd.com/44476307077.html
半房 简约金属衣架套装加粗防滑落晾衣架家用衣撑金属挂衣架2只装 5只装,89.00,0,https://item.jd.com/38256077254.html
半房 弹盖玻璃密封罐透明厨房收纳罐玻璃瓶防潮奶粉谷物食品储物罐 小号（550ml）,19.00,0,https://item.jd.com/36305525077.html
半房 冰箱保鲜盒果蔬生鲜沥水盒 饺子馄饨冷冻收纳盒 透明塑料储物盒 1.3L,25.00,0,https://item.jd.com/35676223186.html
半房 简约皮革纸巾盒桌面收纳盒客厅餐厅卧室抽纸盒车载纸巾套 复古红,24.00,0,https://item.jd.com/47588503302.html
半房 简约丝绒抱枕办公室腰枕靠背家用客厅沙发靠垫靠枕带枕芯 墨绿色抱枕（含枕芯）,59.00,0,https://item.jd.com/47011355073.html
半房 水磨石陶瓷字母餐具简约哑光米饭碗直身水杯子西餐牛排菜盘子 250ml金字彩斑杯,20.00,7,https://item.jd.com/39934735694.html
半房 无盖塑料冰箱收纳盒透明抽屉式厨房整理盒食物冷藏冷冻储藏盒 白色正方收纳盒,34.00,0,https://item.jd.com/40626121932.html
半房 ins塑料收纳盒浴室洗漱用品护肤品置物盒桌面杂物零食整理盒 大-黑字,19.00,0,https://item.jd.com/38493659552.html
半房 带提手塑料收纳筐卧室白色衣物整理箱客厅杂物零食玩具储物箱 3.5L小号,22.00,0,https://item.jd.com/40233412232.html
半房 塑料烘焙工具套装家用量勺面粉搅拌碗沥水篮网筛多功能八件套 多功能八件套,59.00,0,https://item.jd.com/44019254486.html
半房 樱花金边玻璃碗日式锤纹水果沙拉碗家用点心甜品碗花边碗 透明-6.5寸,27.20,0,https://item.jd.com/48152962654.html
半房 西式陶瓷鱼盘碟子大号纯白菜盘子家用长盘餐盘摆盘餐具 大号18英寸,46.00,2,https://item.jd.com/36836509266.html
半房 透明冰箱食物保鲜盒塑料储物盒长方果蔬收纳盒厨房双层沥水盒 双层沥水盒大号,69.00,0,https://item.jd.com/44922796580.html
半房 日式手绘陶瓷餐具可爱猫咪儿童碗盘家用酱料小碟子米饭碗菜盘 8寸盘-豹纹猫,26.00,0,https://item.jd.com/43559556199.html
半房 家用抽取式食品保鲜袋水果蔬菜塑料包装袋经济装大小号收纳袋 小中大家庭实惠装,29.90,0,https://item.jd.com/44016733118.html
半房 北欧几何玻璃杯耐热防爆冷饮杯创意家用水杯子夏日啤酒果汁杯 金色线条几何,15.30,0,https://item.jd.com/48661483172.html
半房 夏日棉麻凉拖鞋情侣家用布艺防滑软底拖清凉室内日式地板凉拖 女款浅粉（35~38）,48.00,0,https://item.jd.com/46540359598.html
半房 蝶恋花手绘陶瓷花瓶带把手瓶客厅装饰摆件大号家用插花器 18cm把手瓶,26.00,0,https://item.jd.com/47586807920.html
换季清仓4折起 蓝鹿角拖鞋-36/37,22.50,0,https://item.jd.com/48936180183.html
半房 简约几何软木锅垫家用防烫碗盘杯垫创意加厚餐桌隔热垫子餐垫 英文字母,12.00,0,https://item.jd.com/44023735144.html
半房 刺绣丝绒纸巾袋北欧ins家用纸巾套桌面收纳袋挂式车用抽纸盒 石墨绿,24.65,0,https://item.jd.com/48148849694.html
半房 木纤维抹布吸水去污百洁布加厚不起球不掉毛厨房清洁巾洗碗布 三条装小方巾,12.00,0,https://item.jd.com/38371553209.html
半房 简约木质盖纸巾盒 带手机架PP桌面收纳盒 客厅餐厅纸抽盒 黑-大号带槽,48.00,0,https://item.jd.com/35600741910.html
半房 金属铁艺衣架组合加粗防滑晾晒衣架家用环保金属挂衣架3只装 三支装,39.00,0,https://item.jd.com/44918305524.html
半房 日式粗陶碗创意茶点干果碟酱料日料小菜碗公道杯小甜品碗 哑瓷白,29.00,0,https://item.jd.com/41166000145.html
半房 相思木擀面杖饺子馄饨皮擀面棍家用实木小号压面棍烘焙小工具 相思木擀面杖,39.00,0,https://item.jd.com/38483248251.html
半房 锤纹玻璃高脚杯创意彩色红酒杯家用金边葡萄酒杯香槟杯子 粉色,27.20,0,https://item.jd.com/48665804656.html
半房 英文字母玻璃水杯玻璃吸管创意早餐牛奶杯冷饮果汁啤酒杯 白色字母杯,16.00,0,https://item.jd.com/44478909076.html
半房 带盖塑料收纳盒化妆品杂物桌面整理箱宿舍衣柜浴室储物收纳箱 大号-高,46.00,0,https://item.jd.com/38488808677.html
半房 天然实木擀面杖饺子皮馄饨皮擀面棍家用小号压面棍烘焙工具 黑檀木大号,38.80,0,https://item.jd.com/37037751656.html
半房 硅胶雪糕模具带盖自制DIY棒冰冰块盒冰淇淋冰棒可爱儿童冰模 大号-玩偶,32.00,0,https://item.jd.com/36970157259.html
【厨房杂件】第二件5折专区 围裙冰箱收纳磨刀器 月饼模具,12.00,0,https://item.jd.com/39064535769.html
半房卡通不锈钢水果叉勺可爱树脂柄搅拌勺创意儿童甜品叉勺小调羹 卡通叉黑红色,6.80,100+,https://item.jd.com/30007916296.html
半房 复古绿陶瓷金边餐具米饭碗汤碗勺子菜盘子鱼盘不规则异形碗盘 8寸深汤盘,29.00,9,https://item.jd.com/41641042004.html
半房欧式不锈钢牛排刀叉勺西餐餐具套装创意渐变主餐勺咖啡勺筷子 彩金主餐叉,32.00,10+,https://item.jd.com/30010010569.html
半房 复古绿陶瓷金边小碗家用饭碗花边不规则酱料碗零食甜品碗 6寸花边碗,25.00,0,https://item.jd.com/44917631958.html
